shirt1,shirt1d,501
shirt2,shirt2d,502
shirt3,shirt3d,503
shirt4,shirt4d,504
shirt5,shirt5d,505
shirt6,shirt6d,506
shirt7,shirt7d,507
shirt8,shirt8d,508
shirt9,shirt9d,509
shirt10,shirt10d,510
shirt11,shirt11d,511
shirt12,shirt12d,512
shirt13,shirt13d,513
shirt14,shirt14d,514
shirt15,shirt15d,515
shirt16,shirt16d,516
shirt17,shirt17d,517
shirt18,shirt18d,518
shirt19,shirt19d,519
shirt20,shirt20d,520
shirt21,shirt21d,521
shirt22,shirt22d,522
shirt23,shirt23d,523
shirt24,shirt24d,524
shirt25,shirt25d,525
shirt26,shirt26d,526
shirt27,shirt27d,527
shirt28,shirt28d,528
shirt29,shirt29d,529
shirt30,shirt30d,530
shirt31,shirt31d,531
shirt32,shirt32d,532
shirt33,shirt33d,533
shirt34,shirt34d,534
shirt35,shirt35d,535
shirt36,shirt36d,536
shirt37,shirt37d,537
shirt38,shirt38d,538
shirt39,shirt39d,539
shirt40,shirt40d,540
shirt41,shirt41d,541
shirt42,shirt42d,542
shirt43,shirt43d,543
shirt44,shirt44d,544
shirt45,shirt45d,545
shirt46,shirt46d,546
shirt47,shirt47d,547
shirt48,shirt48d,548
shirt49,shirt49d,549
shirt50,shirt50d,550
shirt51,shirt51d,551
shirt52,shirt52d,552
shirt53,shirt53d,553
shirt54,shirt54d,554
shirt55,shirt55d,555
shirt56,shirt56d,556
shirt57,shirt57d,557
shirt58,shirt58d,558
shirt59,shirt59d,559
shirt60,shirt60d,560
shirt61,shirt61d,561
shirt62,shirt62d,562
shirt63,shirt63d,563
shirt64,shirt64d,564
shirt65,shirt65d,565
shirt66,shirt66d,566
shirt67,shirt67d,567
shirt68,shirt68d,568
shirt69,shirt69d,569
shirt70,shirt70d,570
shirt71,shirt71d,571
shirt72,shirt72d,572
shirt73,shirt73d,573
shirt74,shirt74d,574
shirt75,shirt75d,575
shirt76,shirt76d,576
shirt77,shirt77d,577
shirt78,shirt78d,578
shirt79,shirt79d,579
shirt80,shirt80d,580
shirt81,shirt81d,581
shirt82,shirt82d,582
shirt83,shirt83d,583
shirt84,shirt84d,584
shirt85,shirt85d,585
shirt86,shirt86d,586
shirt87,shirt87d,587
shirt88,shirt88d,588
shirt89,shirt89d,589
shirt90,shirt90d,590
shirt91,shirt91d,591
shirt92,shirt92d,592
shirt93,shirt93d,593
shirt94,shirt94d,594
shirt95,shirt95d,595
shirt96,shirt96d,596
shirt97,shirt97d,597
shirt98,shirt98d,598
shirt99,shirt99d,599
shirt100,shirt100d,600
shirt101,shirt101d,601
shirt102,shirt102d,602
shirt103,shirt103d,603
shirt104,shirt104d,604
shirt105,shirt105d,605
shirt106,shirt106d,606
shirt107,shirt107d,607
shirt108,shirt108d,608
